[TUE-035][TUE035]少女マニアが撮影したトイレ犯罪映像,http://202.6.246.103/litevideo/freepv/1/12t/12tue035/12tue035_sm_w.mp4
[TRE-020][TRE020]素人娘、お貸しします。BEST 8時間 5,http://202.6.246.103/litevideo/freepv/1/118/118tre020/118tre020_sm_w.mp4
[MOC-011][MOC011]中出しの国のアリス,http://202.6.246.103/litevideo/freepv/h/h_9/h_924moc00011/h_924moc00011_sm_w.mp4
[CHN-058][CHN058]新・素人娘、お貸しします。 VOL.27,http://202.6.246.103/litevideo/freepv/1/118/118chn058/118chn058_sm_w.mp4
[PRD-013][PRD013]オトコノ娘の生美尻,http://202.6.246.103/litevideo/freepv/1/118/118prd013/118prd013_sm_w.mp4
[ATFB-241][ATFB241]誘惑パンスト美痴女 松岡セイラ,http://202.6.246.103/litevideo/freepv/a/atf/atfb241/atfb241_sm_w.mp4
[UAAU-27][UAAU27]息子の朝勃ち 青木椿,http://202.6.246.103/litevideo/freepv/h/h_0/h_086uaau27/h_086uaau27_sm_w.mp4
[JRZD-517][JRZD517]初撮り五十路妻ドキュメント 服部圭子,http://202.6.246.103/litevideo/freepv/h/h_0/h_086jrzd517/h_086jrzd517_sm_w.mp4
[ABP-236][ABP236]俺達の痴漢専用ペット 星野千紗,http://202.6.246.103/litevideo/freepv/1/118/118abp236/118abp236_sm_w.mp4
[SIS-014][SIS014]逆ナンパして男を連れ込む姉のSEX記録〜つかさ27歳の場合〜,http://202.6.246.103/litevideo/freepv/1/12s/12sis014/12sis014_sm_w.mp4
[ULT-039][ULT039]お金の為だと割り切って友達だけどSEXして下さい！！ 3,http://202.6.246.103/litevideo/freepv/1/118/118ult039/118ult039_sm_w.mp4
[BGN-015][BGN015]新人 プレステージ専属デビュー 谷田部和沙,http://202.6.246.103/litevideo/freepv/1/118/118bgn015/118bgn015_sm_w.mp4
[BLK-199][BLK199]kira★kira BLACK GAL DEBUT 日焼け黒ギャル専属デビュー 美巨乳Fcupイキナリ青姦露出ナマズボ中出し,http://202.6.246.103/litevideo/freepv/b/blk/blk00199/blk00199_sm_w.mp4
[SIV-017][SIV017]（素）シロウトTV PREMIUM 17,http://202.6.246.103/litevideo/freepv/1/118/118siv017/118siv017_sm_w.mp4
[BLK-200][BLK200]kira★kira BLACK GAL 日焼け黒ギャル逆痴漢 パイパン桃色オ○ンコで男を襲い強制中出し EMIRI,http://202.6.246.103/litevideo/freepv/b/blk/blk00200/blk00200_sm_w.mp4
[IANN-18][IANN18]絶対に僕から視線を外さない母さんの愛欲セックス 青山葵,http://202.6.246.103/litevideo/freepv/h/h_0/h_086iann18/h_086iann18_sm_w.mp4
[SKDJ-41][SKDJ41]お姉さん達の色々なおなら 6,http://202.6.246.103/litevideo/freepv/4/436/436skdj41/436skdj41_sm_w.mp4
[ATFB-243][ATFB243]着衣エロイズム ハミ出し巨乳レオタード 北川エリカ,http://202.6.246.103/litevideo/freepv/a/atf/atfb243/atfb243_sm_w.mp4
[MRT-007][MRT007]素人輪姦計画。 ゆとり世代のグループが彼女を陥れ、彼女の親友を輪姦した一部始終を盗撮・そして発売。 7,http://202.6.246.103/litevideo/freepv/1/118/118mrt007/118mrt007_sm_w.mp4
[BLK-203][BLK203]kira★kira BLACK GAL 強制ナマ中出しW黒ギャル青姦逆レイプ 真野ゆりあ 友田彩也香,http://202.6.246.103/litevideo/freepv/b/blk/blk00203/blk00203_sm_w.mp4
[ESV-016][ESV016]射精（イッ）てもしゃぶり続けるフェラ好き娘 vol.10,http://202.6.246.103/litevideo/freepv/4/436/436esv016/436esv016_sm_w.mp4
[MADM-031][MADM031]爆乳官能小説家の知られざる異常性欲 七草ちとせ,http://202.6.246.103/litevideo/freepv/4/49m/49madm031/49madm031_sm_w.mp4
[ATFB-240][ATFB240]見つめられながらの上品な卑猥語 北条麻妃,http://202.6.246.103/litevideo/freepv/a/atf/atfb240/atfb240_sm_w.mp4
[NITR-104][NITR104]マゾの宅配便 2,http://202.6.246.103/litevideo/freepv/4/49n/49nitr104/49nitr104_sm_w.mp4
[CADV-501][CADV501]強要×誘惑×従属 悶絶オフィス8時間 パワハラに屈する男とセクハラに濡れる女たち30名,http://202.6.246.103/litevideo/freepv/4/49c/49cadv501/49cadv501_sm_w.mp4
[ESV-017][ESV017]ディルドオナニーを初体験する素人娘たちの腰振りが凄い！ 5,http://202.6.246.103/litevideo/freepv/4/436/436esv017/436esv017_sm_w.mp4
[FTN-019][FTN019]寝取らせ 03,http://202.6.246.103/litevideo/freepv/1/118/118ftn019/118ftn019_sm_w.mp4
[VRXS-145][VRXS145]脱糞保健室 〜アナル開発課外授業〜,http://202.6.246.103/litevideo/freepv/4/42v/42vrxs145/42vrxs145_sm_w.mp4
[SOR-020][SOR020]浜辺の美少女を、本気でヤッちゃいました。 2014 vol.4,http://202.6.246.103/litevideo/freepv/1/118/118sor020/118sor020_sm_w.mp4
[MOC-013][MOC013]はじめてのおつかい〜親戚中に中出しされて〜 森川涼花,http://202.6.246.103/litevideo/freepv/h/h_9/h_924moc00013/h_924moc00013_sm_w.mp4
[SON-131][SON131]ロリ母乳ペット調教,http://202.6.246.103/litevideo/freepv/4/49s/49son131/49son131_sm_w.mp4
[ES-07][ES07]えろえろスペルマ 7 広瀬奈々美,http://202.6.246.103/litevideo/freepv/4/436/436es07/436es07_sm_w.mp4
[MOC-012][MOC012]私…ずっと先生に中出しされていました。 鈴原エミリ,http://202.6.246.103/litevideo/freepv/h/h_9/h_924moc00012/h_924moc00012_sm_w.mp4
[SCR-103][SCR103]少女コレクター 1特殊清掃業者流出映像,http://202.6.246.103/litevideo/freepv/1/12s/12scr103/12scr103_sm_w.mp4
[NITR-106][NITR106]中年おやじサークル中出しオフ会 千乃あずみ,http://202.6.246.103/litevideo/freepv/4/49n/49nitr106/49nitr106_sm_w.mp4
[SIS-015][SIS015]泥酔して帰って来た浴衣姿の姉に欲情して中出しレイプ,http://202.6.246.103/litevideo/freepv/1/12s/12sis015/12sis015_sm_w.mp4
[ABP-232][ABP232]女子マネージャーは、僕達の性処理ペット。 002 あやみ旬果,http://202.6.246.103/litevideo/freepv/1/118/118abp232/118abp232_sm_w.mp4
[BLK-201][BLK201]kira★kira BLACK GAL THE PERFECT BLACK GAL-ロリカワ黒ギャルコスプレ中出し援交-Ma,http://202.6.246.103/litevideo/freepv/b/blk/blk00201/blk00201_sm_w.mp4
[CAT-360][CAT360]スケベな泥酔女をおかずにセンズリしていたら…びちょ濡れおま○こに性交成功！！！,http://202.6.246.103/litevideo/freepv/4/436/436cat360/436cat360_sm_w.mp4
[ATFB-242][ATFB242]艶やかな汗 汁まみれの濃厚エロス 小早川怜子,http://202.6.246.103/litevideo/freepv/a/atf/atfb242/atfb242_sm_w.mp4
[NITR-105][NITR105]ザーメンごっくん 精飲専用むちむちドM娘,http://202.6.246.103/litevideo/freepv/4/49n/49nitr105/49nitr105_sm_w.mp4
[CADV-500][CADV500]超総集編 つぼみ100発！！8時間,http://202.6.246.103/litevideo/freepv/4/49c/49cadv500/49cadv500_sm_w.mp4
[ABP-234][ABP234]芽森しずく なまなかだし,http://202.6.246.103/litevideo/freepv/1/118/118abp234/118abp234_sm_w.mp4
[DCX-022][DCX022]高級アロマ性感オイルマッサージ3 7時間総集編,http://202.6.246.103/litevideo/freepv/1/118/118dcx022/118dcx022_sm_w.mp4
[CABD-087][CABD087]超総集編 つぼみ100発！！8時間（ブルーレイディスク）,http://202.6.246.103/litevideo/freepv/4/49c/49cabd087/49cabd087_sm_w.mp4
[CMI-007][CMI007]ゲスの極み映像 七人目,http://202.6.246.103/litevideo/freepv/1/118/118cmi007/118cmi007_sm_w.mp4
[RKI-389][RKI389]M男君を痴女りたい！誘惑メロメロSEX16時間 （ブルーレイディスク）,http://202.6.246.103/litevideo/freepv/r/rki/rki00389/rki00389_sm_w.mp4
[KEED-21][KEED21]彼女の母 桐岡さつき,http://202.6.246.103/litevideo/freepv/h/h_0/h_086keed21/h_086keed21_sm_w.mp4
[SNIS-306][SNIS306]新人NO.1STYLE 森はるらAVデビュー （ブルーレイディスク）,http://202.6.246.103/litevideo/freepv/s/sni/snis00306/snis00306_sm_w.mp4
[ABP-235][ABP235]井川鈴乃がご奉仕しちゃう 超最新やみつきエステ,http://202.6.246.103/litevideo/freepv/1/118/118abp235/118abp235_sm_w.mp4
[ONEZ-036][ONEZ036]24時のシンデレラ 5,http://202.6.246.103/litevideo/freepv/1/118/118onez036/118onez036_sm_w.mp4
[MIX-010][MIX010]月野詩 総集編 4時間,http://202.6.246.103/litevideo/freepv/1/12m/12mix010/12mix010_sm_w.mp4
[JBS-022][JBS022]働くオンナ3 夏希みなみ SPECIAL SP.05,http://202.6.246.103/litevideo/freepv/1/118/118jbs022/118jbs022_sm_w.mp4
[PRB-006][PRB006]いいなりオトコノ娘制服調教 2,http://202.6.246.103/litevideo/freepv/1/118/118prb006/118prb006_sm_w.mp4
[ULT-038][ULT038]デカ尻人妻ナンパ,http://202.6.246.103/litevideo/freepv/1/118/118ult038/118ult038_sm_w.mp4
[BLOR-045][BLOR045]ガッチリ体型×巨乳×ムチムチ肌 むっつりスケベな地味女子大生 ゆみちゃん,http://202.6.246.103/litevideo/freepv/b/blo/blor045/blor045_sm_w.mp4
[CAT-359][CAT359]女子校のトイレで立ったままオナニーしてスゴイ勢いでおしっこ漏らす女子校生達 vol.9,http://202.6.246.103/litevideo/freepv/4/436/436cat359/436cat359_sm_w.mp4
[ISD-195][ISD195]禁断拘束レズ VOL.9,http://202.6.246.103/litevideo/freepv/2/21i/21isd00195/21isd00195_sm_w.mp4
[ABP-233][ABP233]人生初・トランス状態 激イキ絶頂セックス 西野セイナ,http://202.6.246.103/litevideo/freepv/1/118/118abp233/118abp233_sm_w.mp4
[BLK-204][BLK204]kira★kira BLACK GAL 日焼け黒ギャル青姦露出-敏感剛毛オ○ンコで強制中出し-FUMIKA,http://202.6.246.103/litevideo/freepv/b/blk/blk00204/blk00204_sm_w.mp4
[SON-502][SON502]初AV 巨乳テニスサークル女子大生 従順奉仕・生姦オナホール,http://202.6.246.103/litevideo/freepv/4/49s/49son502/49son502_sm_w.mp4
[IDBD-589][IDBD589]前田かおり PLATINUM BOX 8時間 （ブルーレイディスク）,http://202.6.246.103/litevideo/freepv/i/idb/idbd00589/idbd00589_sm_w.mp4
[YRH-070][YRH070]完全ガチ交渉！噂の、素人激カワ看板娘を狙え！vol.19,http://202.6.246.103/litevideo/freepv/1/118/118yrh070/118yrh070_sm_w.mp4
[PSD-538][PSD538]癒らし。 VOL.101 杏咲望,http://202.6.246.103/litevideo/freepv/2/21p/21psd00538/21psd00538_sm_w.mp4
[ASW-171][ASW171]マニアが選んだザーメン溜め飲み ベスト10,http://202.6.246.103/litevideo/freepv/4/436/436asw171/436asw171_sm_w.mp4
[JRZD-518][JRZD518]初撮り人妻ドキュメント 河島碧里,http://202.6.246.103/litevideo/freepv/h/h_0/h_086jrzd518/h_086jrzd518_sm_w.mp4
[ONEZ-035][ONEZ035]「このオンナ、最上級。Deluxe」DX ＃13 Nozomi,http://202.6.246.103/litevideo/freepv/1/118/118onez035/118onez035_sm_w.mp4
[BLK-202][BLK202]kira★kira BLACK GAL 黒ギャル専用逆痴漢バス-Gcup美爆乳で男を犯ス生姦強制中出し-松本メイ,http://202.6.246.103/litevideo/freepv/b/blk/blk00202/blk00202_sm_w.mp4
[LOL-084][LOL084]ロリ専科 女子●●温泉旅行 パイパン湯女少女 生中出し 4時間 LOL-084,http://202.6.246.103/litevideo/freepv/1/12l/12lol084/12lol084_sm_w.mp4
[ONSD-880][ONSD880]高画質エスワンNO.1ガールズ12時間 （ブルーレイディスク）,http://202.6.246.103/litevideo/freepv/o/ons/onsd00880/onsd00880_sm_w.mp4